{
  "f1_macro": 0.7419423101730462,
  "best_weights": {
    "LR": 0.36138919262761443,
    "BERT": 0.39264239129665784,
    "SVM": 0.17434448253575974,
    "ResNet": 0.07162393353996806
  },
  "method": "Simulated Annealing",
  "sa_params": {
    "T0": 1.0,
    "Tf": 0.001,
    "alpha": 0.95,
    "max_iter": 500
  }
}