{
  "f1_macro": 0.7590569582054507,
  "best_weights": {
    "LR": 0.36424977787494883,
    "BERT": 0.3839653395587397,
    "SVM": 0.0,
    "ResNet": 0.146794322403578,
    "RoBERTa": 0.10499056016273346
  },
  "method": "Simulated Annealing",
  "sa_params": {
    "T0": 1.0,
    "Tf": 0.001,
    "alpha": 0.95,
    "max_iter": 500
  }
}