{
  "f1_macro": 0.7486498917954671,
  "best_weights": {
    "LR": 0.34376611422679465,
    "BERT": 0.2990992040733925,
    "SVM": 0.27674610859666887,
    "ResNet": 0.0,
    "RoBERTa": 0.08038857310314401
  },
  "method": "Simulated Annealing",
  "sa_params": {
    "T0": 1.0,
    "Tf": 0.001,
    "alpha": 0.95,
    "max_iter": 500
  }
}